"country_tid";"rank_economics";"region_tid";"score_economics";"title"
257.0;1.0;213.0;99.2;"Harvard University"
257.0;2.0;213.0;93.8;"Massachusetts Institute of Technology (MIT) "
208.0;3.0;140.0;93.0;"London School of Economics and Political Science (LSE)"
257.0;4.0;213.0;92.4;"Stanford University"
257.0;5.0;213.0;90.1;"University of California, Berkeley (UCB)"
257.0;6.0;213.0;90.1;"University of Chicago"
257.0;7.0;213.0;88.8;"Princeton University"
257.0;8.0;213.0;88.3;"Yale University"
257.0;9.0;213.0;85.5;"University of Pennsylvania"
257.0;11.0;213.0;84.9;"Columbia University"
208.0;10.0;140.0;85.3;"University of Cambridge"
208.0;12.0;140.0;84.8;"University of Oxford"
257.0;13.0;213.0;81.0;"New York University (NYU)"
257.0;14.0;213.0;80.6;"University of California, Los Angeles (UCLA)"
257.0;15.0;213.0;78.8;"Northwestern University"
124.0;16.0;71.0;78.0;"National University of Singapore (NUS)"
208.0;17.0;140.0;77.8;"UCL (University College London)"
319.0;18.0;317.0;76.5;"The Australian National University"
100.0;19.0;71.0;76.3;"The University of Tokyo"
174.0;20.0;140.0;75.6;"Università Bocconi"
208.0;21.0;140.0;75.3;"The University of Warwick"
257.0;22.0;213.0;74.8;"Cornell University"
319.0;23.0;317.0;73.8;"The University of Melbourne"
319.0;24.0;317.0;73.7;"Monash University"
257.0;25.0;213.0;73.2;"Duke University"
257.0;26.0;213.0;73.1;"University of Michigan"
222.0;27.0;213.0;73.1;"University of Toronto"
94.0;28.0;71.0;72.9;"The University of Hong Kong"
257.0;29.0;213.0;72.8;"University of California, San Diego (UCSD)"
94.0;30.0;71.0;72.2;"The Hong Kong University of Science and Technology"
208.0;31.0;140.0;71.0;"London Business School"
203.0;32.0;140.0;70.7;"Stockholm School of Economics"
87.0;33.0;71.0;70.6;"Peking University"
94.0;34.0;71.0;70.5;"The Chinese University of Hong Kong"
106.0;35.0;71.0;70.2;"Seoul National University"
222.0;36.0;213.0;70.1;"University of British Columbia"
87.0;37.0;71.0;69.6;"Tsinghua University"
187.0;38.0;140.0;69.5;"Erasmus University Rotterdam"
257.0;39.0;213.0;69.2;"Brown University"
199.0;40.0;140.0;68.9;"Universitat Pompeu Fabra"
205.0;41.0;140.0;68.8;"ETH Zurich - Swiss Federal Institute of Technology"
100.0;42.0;71.0;68.7;"Kyoto University"
319.0;43.0;317.0;68.7;"The University of Queensland"
158.0;44.0;140.0;68.4;"Université Paris 1 Panthéon-Sorbonne "
319.0;45.0;317.0;68.1;"The University of New South Wales"
199.0;46.0;140.0;67.7;"Universidad Carlos III de Madrid"
257.0;47.0;213.0;67.2;"Boston University"
319.0;48.0;317.0;67.0;"The University of Sydney"
106.0;49.0;71.0;65.2;"Korea University"
187.0;50.0;140.0;65.1;"Tilburg University"
152.0;51.0;140.0;0.0;"Aarhus University"
257.0;53.0;213.0;0.0;"Carnegie Mellon University"
257.0;52.0;213.0;0.0;"California Institute of Technology (Caltech)"
257.0;54.0;213.0;0.0;"Dartmouth College"
87.0;55.0;71.0;0.0;"Fudan University"
353.0;56.0;349.0;0.0;"Fundação Getulio Vargas (FGV)"
100.0;57.0;71.0;0.0;"Hitotsubashi University"
146.0;58.0;140.0;0.0;"KU Leuven"
162.0;59.0;140.0;0.0;"Ludwig-Maximilians-Universität München"
203.0;60.0;140.0;0.0;"Lund University"
187.0;61.0;140.0;0.0;"Maastricht University"
222.0;62.0;213.0;0.0;"McGill University"
124.0;63.0;71.0;0.0;"Nanyang Technological University, Singapore (NTU)"
128.0;64.0;71.0;0.0;"National Taiwan University (NTU)"
100.0;65.0;71.0;0.0;"Osaka University"
257.0;66.0;213.0;0.0;"Pennsylvania State University"
355.0;67.0;349.0;0.0;"Pontificia Universidad Católica de Chile (UC)"
162.0;68.0;140.0;0.0;"Rheinische Friedrich-Wilhelms-Universität Bonn"
87.0;69.0;71.0;0.0;"Shanghai Jiao Tong University"
106.0;70.0;71.0;0.0;"Sungkyunkwan University"
94.0;71.0;71.0;0.0;"The Hong Kong Polytechnic University"
319.0;72.0;317.0;0.0;"The University of Adelaide"
334.0;73.0;317.0;0.0;"The University of Auckland"
208.0;74.0;140.0;0.0;"The University of Manchester"
208.0;75.0;140.0;0.0;"The University of Nottingham"
171.0;76.0;140.0;0.0;"Trinity College Dublin"
353.0;77.0;349.0;0.0;"Universidade de São Paulo (USP)"
174.0;78.0;140.0;0.0;"University of Bologna"
199.0;79.0;140.0;0.0;"Universitat Autònoma de Barcelona"
162.0;80.0;140.0;0.0;"Universität Mannheim"
146.0;81.0;140.0;0.0;"Université Catholique de Louvain (UCL)"
146.0;82.0;140.0;0.0;"Université Libre de Bruxelles (ULB)"
158.0;83.0;140.0;0.0;"Université Toulouse 1, Capitole"
187.0;84.0;140.0;0.0;"University of Amsterdam"
208.0;85.0;140.0;0.0;"University of Birmingham"
257.0;86.0;213.0;0.0;"University of California, Davis"
152.0;87.0;140.0;0.0;"University of Copenhagen"
208.0;88.0;140.0;0.0;"University of Edinburgh"
257.0;89.0;213.0;0.0;"University of Illinois at Urbana-Champaign"
257.0;90.0;213.0;0.0;"University of Maryland, College Park"
257.0;91.0;213.0;0.0;"University of Minnesota"
257.0;92.0;213.0;0.0;"University of Southern California"
257.0;93.0;213.0;0.0;"University of Texas at Austin"
257.0;94.0;213.0;0.0;"University of Wisconsin-Madison"
208.0;95.0;140.0;0.0;"University of York"
205.0;96.0;140.0;0.0;"University of Zurich (UZH)"
187.0;97.0;140.0;0.0;"VU University Amsterdam"
100.0;98.0;71.0;0.0;"Waseda University"
143.0;99.0;140.0;0.0;"WU (Vienna University of Economics and Business)"
106.0;100.0;71.0;0.0;"Yonsei University"
257.0;101.0;213.0;0.0;"Arizona State University"
257.0;102.0;213.0;0.0;"Boston College"
208.0;103.0;140.0;0.0;"City University London"
94.0;104.0;71.0;0.0;"City University of Hong Kong"
158.0;105.0;140.0;0.0;"Ecole Polytechnique"
162.0;106.0;140.0;0.0;"Freie Universität Berlin"
257.0;107.0;213.0;0.0;"Georgetown University"
74.0;108.0;71.0;0.0;"The Hebrew University of Jerusalem"
162.0;109.0;140.0;0.0;"Humboldt-Universität zu Berlin"
257.0;110.0;213.0;0.0;"Indiana University Bloomington"
257.0;111.0;213.0;0.0;"Johns Hopkins University"
257.0;112.0;213.0;0.0;"Michigan State University"
257.0;113.0;213.0;0.0;"Ohio State University"
353.0;114.0;349.0;0.0;"Pontificia Universidade Católica do Rio de Janeiro (PUC - Rio)"
222.0;115.0;213.0;0.0;"Queen's University, Ontario"
158.0;116.0;140.0;0.0;"Sciences Po Paris"
124.0;117.0;71.0;0.0;"Singapore Management University"
106.0;118.0;71.0;0.0;"Sogang University"
203.0;119.0;140.0;0.0;"Stockholm University"
74.0;120.0;71.0;0.0;"Tel Aviv University"
257.0;121.0;213.0;0.0;"Texas A&M University"
319.0;122.0;317.0;0.0;"The University of Western Australia"
222.0;123.0;213.0;0.0;"Western University"
199.0;124.0;140.0;0.0;"University Complutense Madrid"
357.0;125.0;349.0;0.0;"Universidad de Los Andes Colombia"
241.0;126.0;213.0;0.0;"Universidad Nacional Autónoma de México (UNAM)"
174.0;127.0;140.0;0.0;"Università degli Studi di Roma - Tor Vergata"
199.0;128.0;140.0;0.0;"University of Barcelona"
162.0;129.0;140.0;0.0;"Universität Frankfurt am Main"
143.0;130.0;140.0;0.0;"University of Vienna"
222.0;131.0;213.0;0.0;"Université de Montréal "
113.0;132.0;71.0;0.0;"Universiti Putra Malaysia (UPM)"
171.0;133.0;140.0;0.0;"University College Dublin"
208.0;134.0;140.0;0.0;"University of Bristol"
222.0;135.0;213.0;0.0;"University of Calgary"
208.0;136.0;140.0;0.0;"University of Essex"
208.0;137.0;140.0;0.0;"The University of Exeter"
208.0;138.0;140.0;0.0;"University of Glasgow"
187.0;139.0;140.0;0.0;"University of Groningen"
205.0;140.0;140.0;0.0;"University of Lausanne"
334.0;141.0;317.0;0.0;"University of Otago"
257.0;142.0;213.0;0.0;"University of Rochester"
205.0;143.0;140.0;0.0;"University of St.Gallen (HSG)"
319.0;144.0;317.0;0.0;"University of Technology, Sydney"
100.0;145.0;71.0;0.0;"University of Tsukuba"
257.0;146.0;213.0;0.0;"University of Virginia"
334.0;147.0;317.0;0.0;"University of Waikato"
257.0;148.0;213.0;0.0;"University of Washington"
334.0;149.0;317.0;0.0;"Victoria University of Wellington"
257.0;150.0;213.0;0.0;"Washington University in St. Louis"
319.0;151.0;317.0;0.0;"Curtin University"
208.0;152.0;140.0;0.0;"Durham University"
162.0;153.0;140.0;0.0;"Karlsruhe Institute of Technology (KIT)"
100.0;154.0;71.0;0.0;"Kobe University"
319.0;155.0;317.0;0.0;"Macquarie University"
222.0;156.0;213.0;0.0;"McMaster University"
134.0;157.0;71.0;0.0;"Middle East Technical University"
100.0;158.0;71.0;0.0;"Nagoya University"
87.0;159.0;71.0;0.0;"Nanjing University"
208.0;160.0;140.0;0.0;"Newcastle University"
257.0;161.0;213.0;0.0;"Northeastern University"
257.0;162.0;213.0;0.0;"Purdue University"
319.0;163.0;317.0;0.0;"RMIT University"
162.0;164.0;140.0;0.0;"Ruprecht-Karls-Universität Heidelberg"
174.0;165.0;140.0;0.0;"Sapienza University of Rome"
222.0;166.0;213.0;0.0;"Simon Fraser University"
162.0;167.0;140.0;0.0;"Technische Universität Berlin"
241.0;168.0;213.0;0.0;"Tec de Monterrey"
208.0;169.0;140.0;0.0;"The University of Sheffield"
100.0;170.0;71.0;0.0;"Tohoku University"
100.0;171.0;71.0;0.0;"Tokyo Institute of Technology"
199.0;172.0;140.0;0.0;"Universidad Autónoma de Madrid"
353.0;173.0;349.0;0.0;"Universidade estadual de Campinas(Unicamp)"
353.0;174.0;349.0;0.0;"Universidade Federal do Rio de Janeiro"
174.0;175.0;140.0;0.0;"Università  Ca' Foscari Venezia "
174.0;176.0;140.0;0.0;"Università Cattolica del Sacro Cuore"
174.0;177.0;140.0;0.0;"University of Trento"
162.0;178.0;140.0;0.0;"Universität Hamburg"
162.0;179.0;140.0;0.0;"Universität zu Köln"
222.0;180.0;213.0;0.0;"Université du Québec"
158.0;181.0;140.0;0.0;"Université Paris-Dauphine"
113.0;182.0;71.0;0.0;"Universiti Kebangsaan Malaysia (UKM)"
113.0;183.0;71.0;0.0;"Universiti Malaya (UM)"
113.0;184.0;71.0;0.0;"Universiti Sains Malaysia (USM)"
208.0;185.0;140.0;0.0;"University of Aberdeen"
146.0;186.0;140.0;0.0;"University of Antwerp"
208.0;187.0;140.0;0.0;"University of Bath"
257.0;188.0;213.0;0.0;"UC Irvine - Extension, English and Certificates for Internationals"
257.0;189.0;213.0;0.0;"University of Colorado Boulder"
208.0;190.0;140.0;0.0;"University of East Anglia (UEA)"
257.0;191.0;213.0;0.0;"University of Florida"
146.0;192.0;140.0;0.0;"University of Ghent"
208.0;193.0;140.0;0.0;"University of Leeds"
257.0;194.0;213.0;0.0;"University of Massachusetts Amherst"
257.0;195.0;213.0;0.0;"University of North Carolina, Chapel Hill"
189.0;196.0;140.0;0.0;"University of Oslo"
208.0;197.0;140.0;0.0;"University of St Andrews"
203.0;198.0;140.0;0.0;"Uppsala University"
187.0;199.0;140.0;0.0;"Utrecht University"
187.0;200.0;140.0;0.0;"Wageningen University"
87.0;201.0;71.0;0.0;"Zhejiang University"
